Company Name,Symbol,Industry
3M India Ltd.,3MINDIA,Diversified
Aarti Drugs Ltd.,AARTIDRUGS,Healthcare
Aavas Financiers Ltd.,AAVAS,Financial Services
ABB India Ltd.,ABB,Capital Goods
Abbott India Ltd.,ABBOTINDIA,Healthcare
Aditya Birla Capital Ltd.,ABCAPITAL,Financial Services
Aditya Birla Fashion and Retail Ltd.,ABFRL,Consumer Services
Aditya Birla Sun Life AMC Ltd.,ABSLAMC,Financial Services
ACC Ltd.,ACC,Construction Materials
Adani Enterprises Ltd.,ADANIENT,Metals & Mining
Adani Green Energy Ltd.,ADANIGREEN,Power
Adani Ports and Special Economic Zone Ltd.,ADANIPORTS,Services
Adani Transmission Ltd.,ADANITRANS,Power
Advanced Enzyme Tech Ltd.,ADVENZYMES,Fast Moving Consumer Goods
Aegis Logistics Ltd.,AEGISCHEM,Oil Gas & Consumable Fuels
Affle (India) Ltd.,AFFLE,Information Technology
AIA Engineering Ltd.,AIAENG,Capital Goods
Ajanta Pharmaceuticals Ltd.,AJANTPHARM,Healthcare
Alkem Laboratories Ltd.,ALKEM,Healthcare
Alkyl Amines Chemicals Ltd.,ALKYLAMINE,Chemicals
Allcargo Logistics Ltd.,ALLCARGO,Services
Alok Industries Ltd.,ALOKINDS,Textiles
Amara Raja Batteries Ltd.,AMARAJABAT,Automobile and Auto Components
Amber Enterprises India Ltd.,AMBER,Consumer Durables
Ambuja Cements Ltd.,AMBUJACEM,Construction Materials
Angel One Ltd.,ANGELONE,Financial Services
Anupam Rasayan India Ltd.,ANURAS,Chemicals
APL Apollo Tubes Ltd.,APLAPOLLO,Capital Goods
Alembic Pharmaceuticals Ltd.,APLLTD,Healthcare
Apollo Hospitals Enterprise Ltd.,APOLLOHOSP,Healthcare
Apollo Tyres Ltd.,APOLLOTYRE,Automobile and Auto Components
Aptus Value Housing Finance India Ltd.,APTUS,Financial Services
Asahi India Glass Ltd.,ASAHIINDIA,Automobile and Auto Components
Ashok Leyland Ltd.,ASHOKLEY,Capital Goods
Asian Paints Ltd.,ASIANPAINT,Consumer Durables
Aster DM Healthcare Ltd.,ASTERDM,Healthcare
Astral Ltd.,ASTRAL,Capital Goods
AstraZenca Pharma India Ltd.,ASTRAZEN,Healthcare
Adani Total Gas Ltd.,ATGL,Oil Gas & Consumable Fuels
Atul Ltd.,ATUL,Chemicals
AU Small Finance Bank Ltd.,AUBANK,Financial Services
Aurobindo Pharma Ltd.,AUROPHARMA,Healthcare
Avanti Feeds Ltd.,AVANTIFEED,Fast Moving Consumer Goods
Axis Bank Ltd.,AXISBANK,Financial Services
Bajaj Auto Ltd.,BAJAJ-AUTO,Automobile and Auto Components
Bajaj Electricals Ltd,BAJAJELEC,Consumer Durables
Bajaj Finserv Ltd.,BAJAJFINSV,Financial Services
Bajaj Holdings & Investment Ltd.,BAJAJHLDNG,Financial Services
Bajaj Finance Ltd.,BAJFINANCE,Financial Services
Balaji Amines Ltd.,BALAMINES,Chemicals
Balkrishna Industries Ltd.,BALKRISIND,Automobile and Auto Components
Balrampur Chini Mills Ltd.,BALRAMCHIN,Fast Moving Consumer Goods
Bandhan Bank Ltd.,BANDHANBNK,Financial Services
Bank of Baroda,BANKBARODA,Financial Services
Bank of India,BANKINDIA,Financial Services
BASF India Ltd.,BASF,Chemicals
Bata India Ltd.,BATAINDIA,Consumer Durables
Bayer Cropscience Ltd.,BAYERCROP,Chemicals
Bombay Burmah Trading Corporation Ltd.,BBTC,Fast Moving Consumer Goods
Brightcom Group Ltd.,BCG,Information Technology
Bharat Dynamics Ltd.,BDL,Capital Goods
Bharat Electronics Ltd.,BEL,Capital Goods
Berger Paints India Ltd.,BERGEPAINT,Consumer Durables
Bharat Forge Ltd.,BHARATFORG,Capital Goods
Bharti Airtel Ltd.,BHARTIARTL,Telecommunication
Bharat Heavy Electricals Ltd.,BHEL,Capital Goods
Biocon Ltd.,BIOCON,Healthcare
Birla Corporation Ltd.,BIRLACORPN,Construction Materials
Blue Dart Express Ltd.,BLUEDART,Services
Blue Star Ltd.,BLUESTARCO,Consumer Durables
Borosil Renewables Ltd.,BORORENEW,Capital Goods
Bosch Ltd.,BOSCHLTD,Automobile and Auto Components
Bharat Petroleum Corporation Ltd.,BPCL,Oil Gas & Consumable Fuels
Brigade Enterprises Ltd.,BRIGADE,Realty
Britannia Industries Ltd.,BRITANNIA,Fast Moving Consumer Goods
BSE Ltd.,BSE,Financial Services
Birlasoft Ltd.,BSOFT,Information Technology
Computer Age Management Services Ltd.,CAMS,Financial Services
Canara Bank,CANBK,Financial Services
Can Fin Homes Ltd.,CANFINHOME,Financial Services
Caplin Point Laboratories Ltd.,CAPLIPOINT,Healthcare
Carborundum Universal Ltd.,CARBORUNIV,Capital Goods
Castrol India Ltd.,CASTROLIND,Oil Gas & Consumable Fuels
CCL Products (I) Ltd.,CCL,Fast Moving Consumer Goods
Central Depository Services (India) Ltd.,CDSL,Financial Services
Ceat Ltd.,CEATLTD,Automobile and Auto Components
Central Bank of India,CENTRALBK,Financial Services
Century Plyboards (India) Ltd.,CENTURYPLY,Consumer Durables
Century Textile & Industries Ltd.,CENTURYTEX,Forest Materials
Cera Sanitaryware Ltd,CERA,Consumer Durables
CESC Ltd.,CESC,Power
Capri Global Capital Ltd.,CGCL,Financial Services
CG Power and Industrial Solutions Ltd.,CGPOWER,Capital Goods
Chalet Hotels Ltd.,CHALET,Consumer Services
Chambal Fertilizers & Chemicals Ltd.,CHAMBLFERT,Chemicals
Chemplast Sanmar Ltd.,CHEMPLASTS,Chemicals
Cholamandalam Investment and Finance Company Ltd.,CHOLAFIN,Financial Services
Cholamandalam Financial Holdings Ltd.,CHOLAHLDNG,Financial Services
Cipla Ltd.,CIPLA,Healthcare
Clean Science and Technology Ltd.,CLEAN,Chemicals
Coal India Ltd.,COALINDIA,Oil Gas & Consumable Fuels
Cochin Shipyard Ltd.,COCHINSHIP,Capital Goods
Coforge Ltd.,COFORGE,Information Technology
Colgate Palmolive (India) Ltd.,COLPAL,Fast Moving Consumer Goods
Container Corporation of India Ltd.,CONCOR,Services
Coromandel International Ltd.,COROMANDEL,Chemicals
CreditAccess Grameen Ltd.,CREDITACC,Financial Services
CRISIL Ltd.,CRISIL,Financial Services
Crompton Greaves Consumer Electricals Ltd.,CROMPTON,Consumer Durables
CSB Bank Ltd.,CSBBANK,Financial Services
City Union Bank Ltd.,CUB,Financial Services
Cummins India Ltd.,CUMMINSIND,Capital Goods
Cyient Ltd.,CYIENT,Information Technology
Dabur India Ltd.,DABUR,Fast Moving Consumer Goods
Dalmia Bharat Ltd.,DALBHARAT,Construction Materials
Dilip Buildcon Ltd.,DBL,Construction
DCM Shriram Ltd.,DCMSHRIRAM,Diversified
Deepak Nitrite Ltd.,DEEPAKNTR,Chemicals
Delta Corp Ltd.,DELTACORP,Consumer Services
Devyani International Ltd.,DEVYANI,Consumer Services
Dhani Services Ltd.,DHANI,Financial Services
Divi's Laboratories Ltd.,DIVISLAB,Healthcare
Dixon Technologies (India) Ltd.,DIXON,Consumer Durables
DLF Ltd.,DLF,Realty
Avenue Supermarts Ltd.,DMART,Consumer Services
Dr. Reddy's Laboratories Ltd.,DRREDDY,Healthcare
Easy Trip Planners Ltd.,EASEMYTRIP,Consumer Services
eClerx Services Ltd.,ECLERX,Services
Edelweiss Financial Services Ltd.,EDELWEISS,Financial Services
Eicher Motors Ltd.,EICHERMOT,Automobile and Auto Components
E.I.D. Parry (India) Ltd.,EIDPARRY,Fast Moving Consumer Goods
EIH Ltd.,EIHOTEL,Consumer Services
Elgi Equipments Ltd.,ELGIEQUIP,Capital Goods
Emami Ltd.,EMAMILTD,Fast Moving Consumer Goods
Endurance Technologies Ltd.,ENDURANCE,Automobile and Auto Components
Engineers India Ltd.,ENGINERSIN,Construction
EPL Ltd.,EPL,Capital Goods
Equitas Holdings Ltd.,EQUITAS,Financial Services
Equitas Small Finance Bank Ltd.,EQUITASBNK,Financial Services
Eris Lifesciences Ltd.,ERIS,Healthcare
Escorts Kubota Ltd.,ESCORTS,Capital Goods
Exide Industries Ltd.,EXIDEIND,Automobile and Auto Components
Fertilisers and Chemicals Travancore Ltd.,FACT,Chemicals
FDC Ltd.,FDC,Healthcare
Federal Bank Ltd.,FEDERALBNK,Financial Services
Finolex Cables Ltd.,FINCABLES,Capital Goods
Fine Organic Industries Ltd.,FINEORG,Chemicals
Finolex Industries Ltd.,FINPIPE,Capital Goods
Gujarat Fluorochemicals Ltd.,FLUOROCHEM,Chemicals
Fortis Healthcare Ltd.,FORTIS,Healthcare
Firstsource Solutions Ltd.,FSL,Information Technology
Gujarat Ambuja Exports Ltd.,GAEL,Fast Moving Consumer Goods
GAIL (India) Ltd.,GAIL,Oil Gas & Consumable Fuels
Galaxy Surfactants Ltd.,GALAXYSURF,Chemicals
Garware Technical Fibres Ltd.,GARFIBRES,Textiles
Great Eastern Shipping Co. Ltd.,GESHIP,Services
General Insurance Corporation of India,GICRE,Financial Services
Gland Pharma Ltd.,GLAND,Healthcare
Glaxosmithkline Pharmaceuticals Ltd.,GLAXO,Healthcare
Glenmark Pharmaceuticals Ltd.,GLENMARK,Healthcare
Glenmark Life Sciences Ltd.,GLS,Healthcare
GMM Pfaudler Ltd.,GMMPFAUDLR,Capital Goods
GMR Infrastructure Ltd.,GMRINFRA,Services
Gujarat Narmada Valley Fertilizers and Chemicals Ltd.,GNFC,Chemicals
Go Fashion (India) Ltd.,GOCOLORS,Consumer Services
Godfrey Phillips India Ltd.,GODFRYPHLP,Fast Moving Consumer Goods
Godrej Agrovet Ltd.,GODREJAGRO,Fast Moving Consumer Goods
Godrej Consumer Products Ltd.,GODREJCP,Fast Moving Consumer Goods
Godrej Industries Ltd.,GODREJIND,Fast Moving Consumer Goods
Godrej Properties Ltd.,GODREJPROP,Realty
Gujarat Pipavav Port Ltd.,GPPL,Services
Granules India Ltd.,GRANULES,Healthcare
Graphite India Ltd.,GRAPHITE,Capital Goods
Grasim Industries Ltd.,GRASIM,Construction Materials
Grindwell Norton Ltd.,GRINDWELL,Capital Goods
G R Infraprojects Ltd.,GRINFRA,Construction
Gujarat State Fertilizers & Chemicals Ltd.,GSFC,Chemicals
Gujarat State Petronet Ltd.,GSPL,Oil Gas & Consumable Fuels
Gujarat Alkalies & Chemicals Ltd.,GUJALKALI,Chemicals
Gujarat Gas Ltd.,GUJGASLTD,Oil Gas & Consumable Fuels
Hindustan Aeronautics Ltd.,HAL,Capital Goods
Happiest Minds Technologies Ltd.,HAPPSTMNDS,Information Technology
Hathway Cable & Datacom Ltd.,HATHWAY,Media Entertainment & Publication
Hatsun Agro Product Ltd.,HATSUN,Fast Moving Consumer Goods
Havells India Ltd.,HAVELLS,Consumer Durables
HCL Technologies Ltd.,HCLTECH,Information Technology
Housing Development Finance Corporation Ltd.,HDFC,Financial Services
HDFC Asset Management Company Ltd.,HDFCAMC,Financial Services
HDFC Bank Ltd.,HDFCBANK,Financial Services
HDFC Life Insurance Company Ltd.,HDFCLIFE,Financial Services
H.E.G. Ltd.,HEG,Capital Goods
Hemisphere Properties India Ltd.,HEMIPROP,Realty
Hero MotoCorp Ltd.,HEROMOTOCO,Automobile and Auto Components
HFCL Ltd.,HFCL,Telecommunication
Hinduja Global Solutions Ltd.,HGS,Services
Hikal Ltd.,HIKAL,Healthcare
Hindalco Industries Ltd.,HINDALCO,Metals & Mining
Hindustan Copper Ltd.,HINDCOPPER,Metals & Mining
Hindustan Petroleum Corporation Ltd.,HINDPETRO,Oil Gas & Consumable Fuels
Hindustan Unilever Ltd.,HINDUNILVR,Fast Moving Consumer Goods
Hindustan Zinc Ltd.,HINDZINC,Metals & Mining
HLE Glascoat Ltd.,HLEGLAS,Capital Goods
Home First Finance Company India Ltd.,HOMEFIRST,Financial Services
Honeywell Automation India Ltd.,HONAUT,Capital Goods
Housing & Urban Development Corporation Ltd.,HUDCO,Financial Services
Indiabulls Real Estate Ltd.,IBREALEST,Realty
Indiabulls Housing Finance Ltd.,IBULHSGFIN,Financial Services
ICICI Bank Ltd.,ICICIBANK,Financial Services
ICICI Lombard General Insurance Company Ltd.,ICICIGI,Financial Services
ICICI Prudential Life Insurance Company Ltd.,ICICIPRULI,Financial Services
Indo Count Industries Ltd.,ICIL,Textiles
IDBI Bank Ltd.,IDBI,Financial Services
Vodafone Idea Ltd.,IDEA,Telecommunication
IDFC Ltd.,IDFC,Financial Services
IDFC First Bank Ltd.,IDFCFIRSTB,Financial Services
Indian Energy Exchange Ltd.,IEX,Financial Services
IFB Industries Ltd.,IFBIND,Consumer Durables
Indraprastha Gas Ltd.,IGL,Oil Gas & Consumable Fuels
IIFL Finance Ltd.,IIFL,Financial Services
IIFL Wealth Management Ltd.,IIFLWAM,Financial Services
Indian Hotels Co. Ltd.,INDHOTEL,Consumer Services
India Cements Ltd.,INDIACEM,Construction Materials
Indiamart Intermesh Ltd.,INDIAMART,Consumer Services
Indian Bank,INDIANB,Financial Services
InterGlobe Aviation Ltd.,INDIGO,Services
Indigo Paints Ltd.,INDIGOPNTS,Consumer Durables
Indoco Remedies Ltd.,INDOCO,Healthcare
IndusInd Bank Ltd.,INDUSINDBK,Financial Services
Indus Towers Ltd.,INDUSTOWER,Telecommunication
Infibeam Avenues Ltd.,INFIBEAM,Information Technology
Infosys Ltd.,INFY,Information Technology
Inox Leisure Ltd.,INOXLEISUR,Media Entertainment & Publication
Intellect Design Arena Ltd.,INTELLECT,Information Technology
Indian Overseas Bank,IOB,Financial Services
Indian Oil Corporation Ltd.,IOC,Oil Gas & Consumable Fuels
Ipca Laboratories Ltd.,IPCALAB,Healthcare
IRB Infrastructure Developers Ltd.,IRB,Construction
IRCON International Ltd.,IRCON,Construction
Indian Railway Catering And Tourism Corporation Ltd.,IRCTC,Consumer Services
Indian Railway Finance Corporation Ltd.,IRFC,Financial Services
ICICI Securities Ltd.,ISEC,Financial Services
ITC Ltd.,ITC,Fast Moving Consumer Goods
ITI Ltd.,ITI,Telecommunication
Jamna Auto Industries Ltd.,JAMNAAUTO,Automobile and Auto Components
J.B. Chemicals & Pharmaceuticals Ltd.,JBCHEPHARM,Healthcare
Jindal Steel & Power Ltd.,JINDALSTEL,Metals & Mining
J.K. Cement Ltd.,JKCEMENT,Construction Materials
JK Lakshmi Cement Ltd.,JKLAKSHMI,Construction Materials
JK Paper Ltd.,JKPAPER,Forest Materials
JM Financial Ltd.,JMFINANCIL,Financial Services
Jindal Stainless Ltd.,JSL,Metals & Mining
JSW Energy Ltd.,JSWENERGY,Power
JSW Steel Ltd.,JSWSTEEL,Metals & Mining
Jubilant Foodworks Ltd.,JUBLFOOD,Consumer Services
Jubilant Ingrevia Ltd.,JUBLINGREA,Chemicals
Jubilant Pharmova Ltd.,JUBLPHARMA,Healthcare
Justdial Ltd.,JUSTDIAL,Consumer Services
Jyothy Labs Ltd.,JYOTHYLAB,Fast Moving Consumer Goods
Kajaria Ceramics Ltd.,KAJARIACER,Consumer Durables
Kalpataru Power Transmission Ltd.,KALPATPOWR,Construction
Kalyan Jewellers India Ltd.,KALYANKJIL,Consumer Durables
Kansai Nerolac Paints Ltd.,KANSAINER,Consumer Durables
Karur Vysya Bank Ltd.,KARURVYSYA,Financial Services
Kec International Ltd.,KEC,Capital Goods
KEI Industries Ltd.,KEI,Capital Goods
Krishna Institute of Medical Sciences Ltd.,KIMS,Healthcare
KNR Constructions Ltd.,KNRCON,Construction
Kotak Mahindra Bank Ltd.,KOTAKBANK,Financial Services
KPIT Technologies Ltd.,KPITTECH,Information Technology
K.P.R. Mill Ltd.,KPRMILL,Textiles
KRBL Ltd.,KRBL,Fast Moving Consumer Goods
L&T Finance Holdings Ltd.,L&TFH,Financial Services
Dr. Lal Path Labs Ltd.,LALPATHLAB,Healthcare
Latent View Analytics Ltd.,LATENTVIEW,Information Technology
Laurus Labs Ltd.,LAURUSLABS,Healthcare
Lakshmi Machine Works Ltd.,LAXMIMACH,Capital Goods
LIC Housing Finance Ltd.,LICHSGFIN,Financial Services
Linde India Ltd.,LINDEINDIA,Chemicals
Macrotech Developers Ltd.,LODHA,Realty
Larsen & Toubro Ltd.,LT,Construction
Larsen & Toubro Infotech Ltd.,LTI,Information Technology
L&T Technology Services Ltd.,LTTS,Information Technology
Lupin Ltd.,LUPIN,Healthcare
Lux Industries Ltd.,LUXIND,Textiles
Laxmi Organic Industries Ltd.,LXCHEM,Chemicals
Mahindra & Mahindra Ltd.,M&M,Automobile and Auto Components
Mahindra & Mahindra Financial Services Ltd.,M&MFIN,Financial Services
Bank of Maharashtra,MAHABANK,Financial Services
Mahindra CIE Automotive Ltd.,MAHINDCIE,Automobile and Auto Components
Mahindra Logistics Ltd.,MAHLOG,Services
Manappuram Finance Ltd.,MANAPPURAM,Financial Services
C.E. Info Systems Ltd.,MAPMYINDIA,Information Technology
Marico Ltd.,MARICO,Fast Moving Consumer Goods
Maruti Suzuki India Ltd.,MARUTI,Automobile and Auto Components
Mastek Ltd.,MASTEK,Information Technology
Max Healthcare Institute Ltd.,MAXHEALTH,Healthcare
Mazagoan Dock Shipbuilders Ltd.,MAZDOCK,Capital Goods
United Spirits Ltd.,MCDOWELL-N,Fast Moving Consumer Goods
Multi Commodity Exchange of India Ltd.,MCX,Financial Services
Medplus Health Services Ltd.,MEDPLUS,Consumer Services
Metro Brands Ltd.,METROBRAND,Consumer Durables
Metropolis Healthcare Ltd.,METROPOLIS,Healthcare
Max Financial Services Ltd.,MFSL,Financial Services
Mahanagar Gas Ltd.,MGL,Oil Gas & Consumable Fuels
Mahindra Holidays & Resorts India Ltd.,MHRIL,Consumer Services
Minda Industries Ltd.,MINDAIND,Automobile and Auto Components
MindTree Ltd.,MINDTREE,Information Technology
MMTC Ltd.,MMTC,Services
MOIL Ltd.,MOIL,Metals & Mining
Motilal Oswal Financial Services Ltd.,MOTILALOFS,Financial Services
MphasiS Ltd.,MPHASIS,Information Technology
MRF Ltd.,MRF,Automobile and Auto Components
Mangalore Refinery & Petrochemicals Ltd.,MRPL,Oil Gas & Consumable Fuels
MTAR Technologies Ltd.,MTARTECH,Capital Goods
Muthoot Finance Ltd.,MUTHOOTFIN,Financial Services
Nippon Life India Asset Management Ltd.,NAM-INDIA,Financial Services
NATCO Pharma Ltd.,NATCOPHARM,Healthcare
National Aluminium Co. Ltd.,NATIONALUM,Metals & Mining
Info Edge (India) Ltd.,NAUKRI,Consumer Services
Navin Fluorine International Ltd.,NAVINFLUOR,Chemicals
Nazara Technologies Ltd.,NAZARA,Media Entertainment & Publication
NBCC (India) Ltd.,NBCC,Construction
NCC Ltd.,NCC,Construction
NESCO Ltd.,NESCO,Services
Nestle India Ltd.,NESTLEIND,Fast Moving Consumer Goods
Network18 Media & Investments Ltd.,NETWORK18,Media Entertainment & Publication
Narayana Hrudayalaya Ltd.,NH,Healthcare
NHPC Ltd.,NHPC,Power
The New India Assurance Company Ltd.,NIACL,Financial Services
NLC India Ltd.,NLCINDIA,Power
NMDC Ltd.,NMDC,Metals & Mining
NOCIL Ltd.,NOCIL,Chemicals
NTPC Ltd.,NTPC,Power
Nuvoco Vistas Corporation Ltd.,NUVOCO,Construction Materials
FSN E-Commerce Ventures Ltd.,NYKAA,Consumer Services
Oberoi Realty Ltd.,OBEROIRLTY,Realty
Oracle Financial Services Software Ltd.,OFSS,Information Technology
Oil India Ltd.,OIL,Oil Gas & Consumable Fuels
Oil & Natural Gas Corporation Ltd.,ONGC,Oil Gas & Consumable Fuels
Orient Electric Ltd.,ORIENTELEC,Consumer Durables
Page Industries Ltd.,PAGEIND,Textiles
One 97 Communications Ltd.,PAYTM,Financial Services
PCBL Ltd.,PCBL,Chemicals
Piramal Enterprises Ltd.,PEL,Financial Services
Persistent Systems Ltd.,PERSISTENT,Information Technology
Petronet LNG Ltd.,PETRONET,Oil Gas & Consumable Fuels
Power Finance Corporation Ltd.,PFC,Financial Services
Pfizer Ltd.,PFIZER,Healthcare
Procter & Gamble Hygiene & Health Care Ltd.,PGHH,Fast Moving Consumer Goods
Procter & Gamble Health Ltd.,PGHL,Healthcare
Phoenix Mills Ltd.,PHOENIXLTD,Realty
Pidilite Industries Ltd.,PIDILITIND,Chemicals
PI Industries Ltd.,PIIND,Chemicals
Punjab National Bank,PNB,Financial Services
PNB Housing Finance Ltd.,PNBHOUSING,Financial Services
PNC Infratech Ltd.,PNCINFRA,Construction
PB Fintech Ltd.,POLICYBZR,Financial Services
Polycab India Ltd.,POLYCAB,Capital Goods
Poly Medicure Ltd.,POLYMED,Healthcare
Polyplex Corporation Ltd.,POLYPLEX,Capital Goods
Poonawalla Fincorp Ltd.,POONAWALLA,Financial Services
Power Grid Corporation of India Ltd.,POWERGRID,Power
Hitachi Energy India Ltd.,POWERINDIA,Capital Goods
Praj Industries Ltd.,PRAJIND,Capital Goods
Prestige Estates Projects Ltd.,PRESTIGE,Realty
Prince Pipes and Fittings Ltd.,PRINCEPIPE,Capital Goods
Privi Speciality Chemicals Ltd.,PRIVISCL,Chemicals
Prism Johnson Ltd.,PRSMJOHNSN,Construction Materials
PVR Ltd.,PVR,Media Entertainment & Publication
Quess Corp Ltd.,QUESS,Services
Radico Khaitan Ltd,RADICO,Fast Moving Consumer Goods
Railtel Corporation Of India Ltd.,RAILTEL,Telecommunication
Rain Industries Ltd,RAIN,Chemicals
Rajesh Exports Ltd.,RAJESHEXPO,Consumer Durables
Rallis India Ltd.,RALLIS,Chemicals
The Ramco Cements Ltd.,RAMCOCEM,Construction Materials
Ratnamani Metals & Tubes Ltd.,RATNAMANI,Capital Goods
Restaurant Brands Asia Ltd.,RBA,Consumer Services
RBL Bank Ltd.,RBLBANK,Financial Services
Rashtriya Chemicals & Fertilizers Ltd.,RCF,Chemicals
REC Ltd.,RECLTD,Financial Services
Redington (India) Ltd.,REDINGTON,Services
Relaxo Footwears Ltd.,RELAXO,Consumer Durables
Reliance Industries Ltd.,RELIANCE,Oil Gas & Consumable Fuels
Shree Renuka Sugars Ltd.,RENUKA,Fast Moving Consumer Goods
RHI MAGNESITA INDIA LTD.,RHIM,Capital Goods
RITES Ltd.,RITES,Construction
Rossari Biotech Ltd.,ROSSARI,Chemicals
Route Mobile Ltd.,ROUTE,Telecommunication
RattanIndia Enterprises Ltd.,RTNINDIA,Services
Rail Vikas Nigam Ltd.,RVNL,Construction
Steel Authority of India Ltd.,SAIL,Metals & Mining
Sanofi India Ltd.,SANOFI,Healthcare
Sapphire Foods India Ltd.,SAPPHIRE,Consumer Services
Saregama India Ltd,SAREGAMA,Media Entertainment & Publication
SBI Cards and Payment Services Ltd.,SBICARD,Financial Services
SBI Life Insurance Company Ltd.,SBILIFE,Financial Services
State Bank of India,SBIN,Financial Services
Schaeffler India Ltd.,SCHAEFFLER,Automobile and Auto Components
Shipping Corporation of India Ltd.,SCI,Services
Sequent Scientific Ltd.,SEQUENT,Healthcare
Sheela Foam Ltd.,SFL,Consumer Durables
Shilpa Medicare Ltd.,SHILPAMED,Healthcare
Shree Cement Ltd.,SHREECEM,Construction Materials
Shriram City Union Finance Ltd.,SHRIRAMCIT,Financial Services
Shyam Metalics and Energy Ltd.,SHYAMMETL,Metals & Mining
Siemens Ltd.,SIEMENS,Capital Goods
SIS Ltd.,SIS,Services
SJVN Ltd.,SJVN,Power
SKF India Ltd.,SKFINDIA,Capital Goods
Sobha Ltd.,SOBHA,Realty
Solara Active Pharma Sciences Ltd.,SOLARA,Healthcare
Solar Industries India Ltd.,SOLARINDS,Chemicals
Sona BLW Precision Forgings Ltd.,SONACOMS,Automobile and Auto Components
Sonata Software Ltd.,SONATSOFTW,Information Technology
Sun Pharma Advanced Research Company Ltd.,SPARC,Healthcare
Spicejet Ltd.,SPICEJET,Services
SRF Ltd.,SRF,Chemicals
Shriram Transport Finance Co. Ltd.,SRTRANSFIN,Financial Services
Strides Pharma Science Ltd.,STAR,Healthcare
Star Health and Allied Insurance Company Ltd.,STARHEALTH,Financial Services
Sterlite Technologies Ltd.,STLTECH,Telecommunication
Sudarshan Chemical Industries Ltd.,SUDARSCHEM,Chemicals
Sumitomo Chemical India Ltd.,SUMICHEM,Chemicals
Sundaram Finance Ltd.,SUNDARMFIN,Financial Services
Sundram Fasteners Ltd.,SUNDRMFAST,Automobile and Auto Components
Sun Pharmaceutical Industries Ltd.,SUNPHARMA,Healthcare
Sunteck Realty Ltd.,SUNTECK,Realty
Sun TV Network Ltd.,SUNTV,Media Entertainment & Publication
Suprajit Engineering Ltd.,SUPRAJIT,Automobile and Auto Components
Supreme Industries Ltd.,SUPREMEIND,Capital Goods
Suven Pharmaceuticals Ltd.,SUVENPHAR,Healthcare
Suzlon Energy Ltd.,SUZLON,Capital Goods
Sterling and Wilson Renewable Energy Ltd.,SWSOLAR,Construction
Symphony Ltd.,SYMPHONY,Consumer Durables
Syngene International Ltd.,SYNGENE,Healthcare
Tanla Platforms Ltd.,TANLA,Information Technology
Tata Chemicals Ltd.,TATACHEM,Chemicals
Tata Coffee Ltd.,TATACOFFEE,Fast Moving Consumer Goods
Tata Communications Ltd.,TATACOMM,Telecommunication
Tata Consumer Products Ltd.,TATACONSUM,Fast Moving Consumer Goods
Tata Elxsi Ltd.,TATAELXSI,Information Technology
Tata Investment Corporation Ltd.,TATAINVEST,Financial Services
Tata Motors Ltd.,TATAMOTORS,Automobile and Auto Components
Tata Motors Ltd DVR,TATAMTRDVR,Automobile and Auto Components
Tata Power Co. Ltd.,TATAPOWER,Power
Tata Steel Ltd.,TATASTEEL,Metals & Mining
Tata Steel Long Products Ltd.,TATASTLLP,Capital Goods
TCI Express Ltd.,TCIEXP,Services
TCNS Clothing Co. Ltd.,TCNSBRANDS,Textiles
Tata Consultancy Services Ltd.,TCS,Information Technology
Teamlease Services Ltd.,TEAMLEASE,Services
Tech Mahindra Ltd.,TECHM,Information Technology
Thermax Ltd.,THERMAX,Capital Goods
Thyrocare Technologies Ltd.,THYROCARE,Healthcare
Tube Investments of India Ltd.,TIINDIA,Automobile and Auto Components
Timken India Ltd.,TIMKEN,Capital Goods
Titan Company Ltd.,TITAN,Consumer Durables
Torrent Pharmaceuticals Ltd.,TORNTPHARM,Healthcare
Torrent Power Ltd.,TORNTPOWER,Power
Trent Ltd.,TRENT,Consumer Services
Trident Ltd.,TRIDENT,Textiles
Triveni Turbine Ltd.,TRITURBINE,Capital Goods
Triveni Engineering & Industries Ltd.,TRIVENI,Fast Moving Consumer Goods
TTK Prestige Ltd.,TTKPRESTIG,Consumer Durables
Tata Teleservices (Maharashtra) Ltd.,TTML,Telecommunication
TV18 Broadcast Ltd.,TV18BRDCST,Media Entertainment & Publication
TVS Motor Company Ltd.,TVSMOTOR,Automobile and Auto Components
United Breweries Ltd.,UBL,Fast Moving Consumer Goods
UCO Bank,UCOBANK,Financial Services
UFLEX Ltd.,UFLEX,Capital Goods
UltraTech Cement Ltd.,ULTRACEMCO,Construction Materials
Union Bank of India,UNIONBANK,Financial Services
UPL Ltd.,UPL,Chemicals
UTI Asset Management Company Ltd.,UTIAMC,Financial Services
Vaibhav Global Ltd.,VAIBHAVGBL,Consumer Services
Vakrangee Ltd.,VAKRANGEE,Information Technology
Varroc Engineering Ltd.,VARROC,Automobile and Auto Components
Varun Beverages Ltd.,VBL,Fast Moving Consumer Goods
Vedanta Ltd.,VEDL,Metals & Mining
Venky's (India) Ltd.,VENKEYS,Fast Moving Consumer Goods
V-Guard Industries Ltd.,VGUARD,Consumer Durables
Vijaya Diagnostic Centre Ltd.,VIJAYA,Healthcare
Vinati Organics Ltd.,VINATIORGA,Chemicals
V.I.P. Industries Ltd.,VIPIND,Consumer Durables
V-Mart Retail Ltd.,VMART,Consumer Services
Voltas Ltd.,VOLTAS,Consumer Durables
Vardhman Textiles Ltd.,VTL,Textiles
Welspun Corp Ltd.,WELCORP,Capital Goods
Welspun India Ltd.,WELSPUNIND,Textiles
Westlife Development Ltd.,WESTLIFE,Consumer Services
Whirlpool of India Ltd.,WHIRLPOOL,Consumer Durables
Wipro Ltd.,WIPRO,Information Technology
Wockhardt Ltd.,WOCKPHARMA,Healthcare
Yes Bank Ltd.,YESBANK,Financial Services
Zee Entertainment Enterprises Ltd.,ZEEL,Media Entertainment & Publication
Zensar Technolgies Ltd.,ZENSARTECH,Information Technology
ZF Commercial Vehicle Control Systems India Ltd.,ZFCVINDIA,Automobile and Auto Components
Zomato Ltd.,ETERNAL,Consumer Services
Zydus Lifesciences Ltd.,ZYDUSLIFE,Healthcare
Zydus Wellness Ltd.,ZYDUSWELL,Fast Moving Consumer Goods
